,Komentar
0,"['kakak', 'tidur', 'sudah', 'pagi', 'tidak boleh', 'lelah']"
1,"['makan', 'nasi', 'padang', 'saja', 'badan']"
2,"['suka', 'cukur', 'jembut', 'manggung']"
3,"['hai', 'kakak', 'isyana', 'ngefans', 'sekali', 'kakak', 'isyana', 'suka', 'lagu', 'kakak', 'isyana', 'lagu', 'dalam', 'jiwa']"
4,"['manusia', 'bidadari', 'sih', 'heran', 'deh', 'cantik']"
5,"['kinanti', 'isyana', 'sekarang', 'ubah', 'baju', 'nakal']"
6,"['gemesnya', 'isyana', 'mirip', 'tango', 'lap', 'lapis']"
7,"['jelek', 'saja', 'anak', 'ayah', 'cakap']"
8,"['anak', 'mirip', 'sudah', 'tua', 'begitu', 'muka', 'ke', 'tasya']"
9,"['muka', 'anak', 'kok', 'tua', 'sekali', 'ngegemesin', 'lucu']"
10,"['muka', 'muka', 'kolot', 'muka', 'bayi', 'lucu', 'begitu']"
11,"['sudah', 'gila', 'orang', 'sudah', 'jomblo', 'psikolog', 'laku']"
12,"['kamu', 'sinting', 'sudah', 'tingkat', 'dewa']"
13,"['lutfi', 'putus', 'salsa', 'orang', 'stres']"
14,"['anak', 'tolol', 'aktif', 'bund']"
15,"['mati', 'saja', 'gedeg', 'saya', 'liat', 'kamu', 'anjing']"
16,"['woy', 'lutfi', 'asu', 'sok', 'asyik', 'kamu', 'anjing']"
17,"['apasih', 'kontol', 'tengkar', 'saja', 'ayo', 'bangsat']"
18,"['pelakor', 'plus', 'hamil', 'nikah', 'pantas', 'anak', 'seperti', 'gin', 'model']"
19,"['anak', 'sudah', 'pintar', 'maknya', 'lempeng', 'asa', 'baby', 'tinggi', 'azka', 'saja', 'lebih', 'mama']"
20,"['anak', 'cerdas', 'bentuk', 'dari', 'pola', 'asuh', 'pola', 'didik', 'orangtua', 'cerdas', 'sih', 'sara', 'sesimple']"
21,"['iri', 'motivasi']"
22,"['hancur', 'hidup', 'kamu', 'sumpah']"
23,"['seram', 'sekali', 'muka', 'kamu', 'meldianti', 'mirip', 'ayam', 'potong', 'merah', 'sekali']"
24,"['yaudah', 'jadi', 'usaha', 'kuliner', 'saja', 'tidak usah', 'artis', 'makan', 'memang', 'bikin', 'ngiler', 'sih']"
25,"['memang', 'cocok', 'usaha', 'kuliner', 'sudah', 'fixs', 'semoha', 'lancat']"
26,"['jelek', 'image', 'owner', 'artis', 'artis', 'hallo', 'langsung', 'orang', 'tahu', 'image', 'kamu', 'jelek', 'gentong']"
27,"['sih', 'hidup']"
28,"['unfollow', 'bilang', 'najis']"
29,"['muka', 'kamu', 'sensual', 'norak', 'sudah']"
30,"['sudah', 'jaman', 'ngebully', 'orang', 'hey', 'netizen', 'mending', 'ngaca', 'kurang']"
31,"['pas', 'tempat', 'benar', 'imut', 'sekali', 'loh', 'meldianti']"
32,"['cakap', 'kaga', 'jelek', 'iya', 'hahah']"
33,"['jari', 'jari', 'kaki', 'mirip', 'jari', 'tukang', 'panggul']"
34,"['kaki', 'seperti', 'hamil', 'tua', 'bun', 'kaki', 'gajah']"
35,"['suka', 'heran', 'ngehina', 'fisik', 'benar', 'dosa']"
36,"['edit', 'biar', 'langsing', 'mah', 'kalau', 'live', 'bomber', 'badan']"
37,"['kaki', 'gedong', 'say', 'seperti', 'kaki', 'jantan', 'up', 'suka', 'baur', 'ama', 'warwerwor', 'mahluk', 'astral', 'kaki', 'gedong']"
38,"['bagus', 'foto', 'pakai', 'masker', 'daripada', 'pakai', 'masker']"
39,"['kakak', 'foto', 'memek', 'lihat', 'tebal', 'memek', 'kakak', 'bengkak', 'yah']"
40,"['bra', 'kedodoran', 'kakak', 'pakai', 'ukur', 'gede']"
41,"['cantik', 'senang', 'usaha', 'buah', 'hasil', 'semangat', 'meldianti', 'moga', 'pribadi']"
42,"['mbak', 'sih', 'merem', 'melek', 'begitu', 'mata', 'kaya', 'orang', 'cacing']"
43,"['moga', 'lancar', 'usaha', 'meldianti']"
44,"['cantik', 'sekali', 'kalau', 'meldianti', 'muka', 'natural', 'seperti', 'gin']"
45,"['kamu', 'diam', 'saja', 'cantik', 'meldianti', 'kalau', 'gaya', 'serius']"
46,"['kaku', 'seperti', 'kanebo', 'kering', 'ha']"
47,"['glowing', 'say', 'natural', 'mirip', 'gin', 'bagus', 'tambahin', 'prestasi', 'say']"
48,"['meldianti', 'emaknya', 'buka', 'klinik', 'totok', 'aura', 'kayak', 'anak', 'totok', 'aura', 'lihat', 'butek']"
49,"['muka', 'kamu', 'pasar', 'meldianti', 'pasar', 'sapi', 'noh']"
50,"['maaf', 'saya', 'nyamain', 'kamu', 'dugong', 'memang']"
51,"['iya', 'kamu', 'monyet', 'meldianti']"
52,"['bagus', 'pantat', 'panci', 'aing', 'atuh', 'anjir']"
53,"['memang', 'muka', 'muka', 'badak', 'muka', 'beton', 'malu']"
54,"['mbak', 'meldianti', 'cantik', 'rahasia']"
55,"['lengan', 'gempal', 'sekali', 'sih', 'ha']"
56,"['fix', 'komen', 'nyela']"
57,"['sudah', 'kakak', 'tidak usah', 'gubris', 'tidak usah', 'dipikirin', 'syukur', 'saja', 'nikmat', 'tuhan', 'sudah', 'kasih', 'kakak', 'tidak usah', 'ngatain', 'orang', 'kakak', 'tetap', 'syukur', 'nikmat']"
58,"['jari', 'jari', 'gede', 'gede', 'sekali', 'pas', 'ngiklan', 'makan', 'ikan', 'danau', 'hambar', 'jari', 'mirip', 'jempol', 'hawak', 'benar']"
59,"['disamain', 'muka', 'orang', 'oi', 'minta', 'disamain', 'babi']"
60,"['bawah', 'meldianti', 'tara', 'kurang', 'lebih']"
61,"['kakak', 'meldianti', 'tidak usah', 'rendah', 'orang', 'syukur', 'saja', 'atas', 'langit', 'langit']"
62,"['muka', 'bantu', 'kamera', 'dekil', 'mel']"
63,"['wanita', 'cantik', 'suka', 'ah']"
64,"['meldianti', 'sudah', 'kontrak', 'endorse', 'skincare', 'muka', 'jelek', 'sih']"
65,"['gila', 'netizen', 'sempurna', 'ngehina', 'orang']"
66,"['sudah', 'ngembang', 'habis', 'cowok', 'meldianti', 'enak', 'otak', 'atik']"
67,"['muka', 'mirip', 'kamu', 'pasar', 'murah']"
68,"['muka', 'buluk', 'kepedean', 'muka', 'sudah', 'tua']"
69,"['muka', 'kamu', 'kaya', 'tai']"
70,"['sakit', 'jiwa', 'upil', 'gajah', 'kasihan']"
71,"['jelek', 'buntut', 'kuali', 'ha']"
72,"['meldianti', 'kurus', 'cantik', 'pakai', 'up']"
73,"['kamu', 'moga', 'akhlak', 'etika']"
74,"['mbak', 'meldianti', 'sehat', 'sukses']"
75,"['aamiin', 'doa', 'meldianti']"
76,"['selamat', 'mbak', 'moga', 'pribadi', 'amin']"
77,"['meldianti', 'cantik', 'loh', 'tinggal', 'dibenerin', 'akhlak', 'adab', 'sip']"
78,"['ambil', 'foto', 'bagus', 'mantap', 'keren', 'tinggal', 'ambil', 'arwah', 'saja']"
79,"['tidak', 'cantik', 'ha']"
80,"['kasihan', 'editor', 'sih', 'nanggung', 'dosa', 'sekali', 'kayak', 'ngeditnya', 'offside', 'gin']"
81,"['dewi', 'persik']"
82,"['julid', 'meldianti', 'nyusahin']"
83,"['foto', 'masukin', 'museum', 'saja', 'pantas']"
84,"['tidak', 'ngumpul', 'bareng', 'mami', 'isa', 'gembrot', 'sana']"
85,"['lagu', 'kamu', 'laku', 'meldianti']"
86,"['lutut', 'hitam', 'gosok', 'maning', 'biar', 'cling', 'cantik']"
87,"['suka', 'heran', 'warga', 'suka', 'ngehujat', 'orang', 'terus', 'pahala', 'tidak', 'dosa', 'mah', 'iya']"
88,"['cantik', 'saja', 'rosa', 'meldianti']"
89,"['ular', 'dugong']"
90,"['suka', 'harmonis']"
91,"['cantik', 'sekali', 'pakai', 'baju', 'mirip', 'begitu']"
92,"['jujur', 'kalau', 'anteng', 'cantik', 'meldianti']"
93,"['cowok', 'cakap', 'cakep']"
94,"['foto', 'tirus', 'kalau', 'video', 'warior', 'muka', 'seperti', 'donat', 'bentuk']"
95,"['sekian', 'foto', 'diposting', 'cantik']"
96,"['artis', 'abal', 'muka', 'putih', 'tangan', 'hitam', 'ager', 'atm', 'sudah', 'isi']"
97,"['muka', 'mirip', 'penuh', 'tekan', 'sekali']"
98,"['cowok', 'wajah', 'culun', 'cupu', 'mirip', 'om']"
99,"['masyaallah', 'cantik', 'sopan', 'anggun']"
100,"['kang', 'ojek', 'kali', 'belang', 'tangan']"
101,"['senang', 'liat', 'pasang', 'cewenya', 'hujat', 'indonesia', 'tetap', 'setia', 'tani']"
102,"['putus', 'tumbal', 'apartemen']"
103,"['cantik', 'meldianti', 'semangat', 'diet']"
104,"['tangan', 'paha', 'ha']"
105,"['meldianti', 'lihat', 'cakap']"
106,"['muka', 'mirip', 'ngeden', 'pas', 'boker']"
107,"['aduuh', 'halu', 'hhahaha', 'lebay', 'edit', 'lemak', 'ke mana', 'lemak', 'hahha', 'mimpi', 'tinggi']"
108,"['salfok', 'kaki', 'cantik', 'sekali', 'asli']"
109,"['dia', 'buset', 'cantik', 'edit', 'saja', 'mbak', 'coba', 'sudah', 'asli', 'sudah', 'mirip', 'buntel', 'kentut']"
110,"['hitam', 'putih', 'seperti', 'kopi', 'luwak']"
111,"['palsu', 'badane', 'edit', 'itu', 'asli', 'di mana', 'lemak']"
112,"['sudah', 'kontrak', 'skincare', 'tetap', 'saja', 'buluk', 'meldianti']"
113,"['heran', 'netizen', 'kalau', 'suka', 'liat', 'saja']"
114,"['sukses', 'yah', 'kakak', 'semangat']"
115,"['jujur', 'suka', 'meldianti', 'suka', 'ngehujat', 'orang']"
116,"['sumpah', 'asli', 'muka', 'kamu', 'lebar', 'mirip', 'baskom', 'loh', 'meldianti']"
117,"['karya', 'terus', 'meldianti', 'walau', 'nuntun']"
118,"['astaghfirullah', 'seram', 'bun', 'ular', 'jelma', 'makhluk', 'halus', 'bun']"
119,"['heran', 'cowok', 'ngebully', 'sabar', 'meldianti']"
120,"['astaga', 'ratu', 'edit', 'muka', 'sumpah', 'seren', 'mirip', 'film', 'setan', 'begitu']"
121,"['mata', 'mirip', 'katarak', 'anjir', 'ah']"
122,"['caption', 'saja', 'copas', 'cantumin', 'credit', 'dasar', 'iblis']"
123,"['unfollow', 'saja', 'dosa', 'ngebully']"
124,"['meldianti', 'perhati', 'orang', 'china', 'deh', 'cantik']"
125,"['edit', 'softlensnya', 'mbak', 'mirip', 'ratu', 'titis', 'ular']"
126,"['kasihan', 'ular', 'bawa', 'bawa', 'ular', 'pantas', 'bunglon', 'buaya']"
127,"['maju', 'terus', 'sayang', 'abai', 'orang', 'comment', 'sakit']"
128,"['kasihan', 'hidup', 'hanya', 'bahan', 'hujat', 'masyarakat', 'mubadzir', 'sekali', 'deh', 'hidup', 'kamu', 'kenapa', 'bunuh', 'saja']"
129,"['semangat', 'meldianti', 'bahasa', 'asing', 'mah', 'berani', 'entar']"
130,"['beda', 'foto', 'lebar', 'sekali', 'muka', 'maaf', 'foto', 'edit']"
131,"['meldianti', 'kadang', 'mulut', 'aku', 'rem', 'haluan', 'bangga', 'usaha', 'mu', 'yuhu']"
132,"['lupa', 'edit', 'itu', 'muka', 'melar']"
133,"['semangat', 'salah', 'ajar', 'bahasa', 'asing', 'ajar', 'utama', 'salah', 'ulang']"
134,"['kereen', 'bullyan', 'netizen', 'jadi', 'ajar']"
135,"['jijik', 'lihat', 'orang', 'aura', 'buruk', 'sangat', 'manis', 'manis']"
136,"['semangat', 'ajar', 'juga', 'bahasa', 'inggris']"
137,"['niat', 'berani']"
138,"['salut', 'meldianti', 'semangat', 'ajar', 'ngetawain', 'berani']"
139,"['gp', 'meldianti', 'semangat', 'ajar', 'terus', 'gampang', 'nyerah', 'pokok']"
140,"['ngaku', 'bagak', 'pintar']"
141,"['kalau', 'harap', 'ikut', 'kontes', 'mis', 'earth', 'les', 'inggris', 'biar', 'lidah', 'keseleo']"
142,"['postingan', 'bund', 'netizen', 'hujat']"
143,"['happy', 'birthday', 'meldianti', 'sehat', 'sukses', 'yah', 'aamiin']"
144,"['happy', 'birthday', 'kakak', 'meldianti', 'imut', 'ngegemesin', 'sukses']"
145,"['ampun', 'ketiak', 'lemak', 'edit', 'parah']"
146,"['ketiak', 'habis', 'amplas', 'meldianti', 'halus', 'sekali']"
147,"['sudah', 'edit', 'begitu', 'ketiak', 'kamu', 'hitam']"
148,"['selamat', 'ulang', 'meldianti', 'sudah', 'yah', 'tingkah']"
149,"['muka', 'kuning', 'sekali', 'kaya', 'kunyit']"
150,"['selamat', 'ulang', 'meldianti', 'sukses', 'sehat']"
151,"['foto', 'cantik', 'biar', 'kena', 'hujat', 'mah', 'kasihan']"
152,"['happy birthday', 'meldianti', 'moga', 'sukses', 'umur', 'rejekinya', 'lancar', 'amin']"
153,"['asa', 'kemarin', 'lengan', 'kekar', 'sekali', 'seperti', 'tinju', 'sudah', 'begitu', 'ketiak', 'hitam', 'foto', 'lengan', 'ketiak', 'putih', 'seperti', 'dibedakin']"
154,"['selamat', 'ulang', 'kakak', 'banyak', 'sadar', 'pansos', 'yah', 'amin']"
155,"['happy birthday', 'cantik', 'moga', 'depan', 'sukses']"
156,"['happy birthday', 'mbak', 'meldianti', 'cantik', 'panjang', 'umur', 'sehat']"
157,"['diri', 'kaki']"
158,"['biar', 'edit', 'kaya', 'saja', 'ketiak', 'hitam', 'bohongin']"
159,"['sumpah', 'apa', 'lengan', 'gede', 'sekali']"
160,"['selamat', 'ulang', 'umur', 'ketemu', 'dajjal']"
161,"['ketiak', 'hitam', 'buluk', 'kamu', 'edit', 'nutupin', 'daki', 'ketek', 'kamu', 'aka', 'hitam', 'ketiak', 'kamu', 'dasar', 'dugong']"
162,"['atm', 'tinggal', 'ribu', 'saja', 'gaya', 'kamu', 'dugong']"
163,"['bagus', 'suara', 'pola']"
164,"['sih', 'meldianti', 'jelek', 'saja', 'gaya', 'beda', 'sekali', 'sama', 'tante', 'sepupu', 'sudah', 'cantik']"
165,"['sudah', 'ubah', 'mirip', 'saya', 'lihat']"
166,"['ngedit', 'ketiak', 'sudah', 'sampai', 'ngeblur', 'pis', 'putih', 'seperti', 'cat', 'tembok']"
167,"['aduh', 'dugong', 'saja', 'gila', 'filter']"
168,"['muka', 'saja', 'dempul', 'ketiak']"
169,"['kasihan', 'kebelet', 'artis', 'bakat']"
170,"['pelihara', 'lepas', 'tolong', 'angkut']"
171,"['miris', 'sekali', 'ultah', 'didoain', 'bully', 'kasihan', 'god', 'bles', 'meldianti']"
172,"['mudah', 'mudah', 'kamu', 'jelek', 'amin', 'allah']"
173,"['ketiak', 'hitam', 'kasih', 'bedak', 'abu', 'monyet']"
174,"['heran', 'saya', 'mah', 'tidak suka', 'tidak usah', 'follow', 'sudah', 'tahu', 'ini', 'akun', 'private', 'kalau', 'kamu', 'follow', 'ngebuli', 'tanda', 'kamu', 'sirik', 'tidak suka', 'tidak usah', 'liat', 'kaya', 'sempurna', 'saja']"
175,"['saya', 'harap', 'kamu', 'saja', 'sih', 'sakit', 'laura', 'lol']"
176,"['kamu', 'saja', 'derita', 'lora', 'anjing']"
177,"['sempet', 'benar', 'lora', 'kamu', 'tinggalin', 'kamu', 'orang', 'jahat', 'kamu', 'bahagia']"
178,"['kamu', 'benar', 'gakalo', 'sempet', 'sakit', 'lora', 'saya', 'santet']"
179,"['sih', 'seperti', 'anjing']"
180,"['semangat', 'liat', 'belakang', 'fokus', 'saja', 'depan', 'muda']"
181,"['cantik', 'gila']"
182,"['meldianti', 'sinar', 'pertahanin', 'karir', 'jangan', 'disiasia']"
183,"['semangat', 'apa', 'dalah', 'mata', 'benci']"
184,"['asli', 'bebet', 'tidur', 'ini', 'anak', 'kasihan']"
185,"['kumat', 'semedinya', 'gin', 'keluar']"
186,"['tangan', 'hitam', 'beda', 'ama', 'muka']"
187,"['meldianti', 'foto', 'gendut', 'beda']"
188,"['gatau', 'sih', 'cantik', 'aura', 'cantik', 'idih', 'begitu', 'lihat']"
189,"['buruk', 'buruk', 'mata', 'suka', 'mu']"
190,"['gila', 'ini', 'siluman', 'story', 'orang', 'lihat', 'sekali', 'tumpu', 'lemak', 'burik']"
191,"['dasar', 'bodoh', 'kamu', 'saya', 'jijik', 'kamu', 'bro', 'mirip', 'otak', 'sekali']"
192,"['kamu', 'kamu', 'bagus', 'tuh', 'anjing']"
193,"['maafin', 'a', 'moga', 'jera', 'depan']"
194,"['eh', 'bocah', 'mending', 'kamu', 'mati', 'saja', 'orang', 'mirip', 'kamu', 'ha']"
195,"['btw', 'video', 'bohong', 'pas', 'percaya', 'lihat', 'tribun', 'news', 'hujat']"
196,"['okay', 'bro', 'kalem', 'saja', 'semangat', 'putus', 'asa']"
197,"['kamu', 'mati', 'saja', 'sudah', 'biar', 'bikin', 'ribet']"
198,"['sampah', 'masyarakat', 'musnah']"
199,"['mati', 'kamu', 'najis', 'kontol', 'bangsat', 'mati', 'kamu']"
200,"['youtuber', 'toxic', 'tutup', 'akun', 'tutup', 'usia']"
201,"['ribet', 'mirip', 'sudah', 'saja', 'kamu']"
202,"['hitam', 'atas', 'putih', 'langsung', 'proses']"
203,"['sayang', 'anak', 'serah', 'saja', 'polisi', 'biar', 'didik']"
204,"['manusia', 'hewan', 'sih', 'hati', 'sekali']"
205,"['manusia', 'anjing', 'cari', 'uang', 'begitu', 'kamu', 'kerja', 'saja', 'saya', 'nyebokin', 'saya', 'nanti', 'saya', 'gaji', 'kamu']"
206,"['maklum', 'anak', 'didik', 'mirip', 'begitu', 'akhlak']"
207,"['anjing', 'anak', 'tahu', 'ibu', 'nang']"
208,"['oi', 'babi', 'saya', 'bunuh', 'kamu', 'sumpah']"
209,"['he', 'sampah', 'kamu', 'sudah', 'saya', 'maafin', 'bohong', 'goblok']"
210,"['anjing', 'kamu', 'baku', 'hantam', 'ayo']"
211,"['bangkit', 'bang', 'lemah', 'ajar', 'uji', 'kamu', 'bang']"
212,"['patah', 'semangat', 'kakak', 'sukses']"
213,"['semangat', 'ferdian', 'tidak usah', 'dengerin', 'orang', 'hujat', 'manusia', 'luput', 'salah']"
214,"['sumpah', 'respect', 'sekali']"
215,"['turut', 'pribadi', 'tulus', 'maaf']"
216,"['kasih', 'bidadari', 'mau', 'boneka', 'santet']"
217,"['hilang', 'respect', 'saya', 'jane', 'sudah', 'setia', 'sangat', 'kamu', 'kamu', 'main', 'cewek', 'pas', 'sudah', 'dari', 'penjara', 'lol']"
218,"['hapus', 'saja', 'ini', 'poto', 'tidak', 'tahu', 'malu', 'sangat', 'kamu', 'bang']"
219,"['inti', 'tidak suka', 'anjing', 'listy', 'ngrusak', 'suasana']"
220,"['foto', 'anjing', 'kontol']"
221,"['kasihan', 'sekali', 'jane', 'sudah', 'nunggu', 'penjara', 'eh', 'tahu', 'sakit', 'sih']"
222,"['cewk', 'selingkuhin', 'ngotak']"
223,"['ingat', 'potong', 'hubung', 'kalau', 'sudah', 'gin', 'sembeleh', 'saja', 'orang', 'sudah', 'lanjur', 'kecewa']"
224,"['konten', 'putus', 'foto', 'tabi', 'jessica', 'tidak', 'hapus']"
225,"['makan', 'bikin', 'ama', 'jes', 'tetapi', 'ngehianatin', 'gila', 'sih']"
226,"['parah', 'kamu', 'bang', 'nama', 'kamu', 'sudah', 'rusak', 'karena', 'narkoba', 'tambah', 'saja', 'terus']"
227,"['anjing', 'erick']"
228,"['muka', 'pas', 'sok', 'sok', 'an', 'sama', 'lonte', 'kamu', 'anjing']"
229,"['kamu', 'anjing', 'anjing']"
230,"['babi', 'jangan', 'megang', 'tuh', 'anjing', 'harga', 'daripada', 'kamu']"
231,"['santai', 'saja', 'bang', 'tanggepin', 'btw', 'saya', 'suka', 'gaya', 'kamu']"
232,"['narkoboy', 'kontol', 'main', 'cewek', 'sakit', 'saja', 'kamu', 'anjing', 'mati', 'saja', 'kamu', 'bodoh']"
233,"['tetap', 'penjara', 'saja', 'anjing', 'nyusahin', 'kamu']"
234,"['cewek', 'cakap', 'setia', 'disiasia', 'sahabat']"
235,"['loh', 'aku', 'liat', 'anjing']"
236,"['anjing', 'guys', 'saya', 'liat', 'babi', 'hitam']"
237,"['mantan', 'anjing', 'eh', 'balik', 'anjing', 'mantan']"
238,"['bikin', 'skandal', 'ingin', 'tenar']"
239,"['anjir', 'liat', 'babi', 'megang', 'anjing']"
240,"['foto', 'babi', 'peluk', 'anjing', 'milik', 'bidadari']"
241,"['babi', 'pantes', 'nyentuh', 'anjing', 'bidadari', 'kotor']"
242,"['anjing', 'foto']"
243,"['potret', 'seorjing', 'pegang', 'anjing']"
244,"['heh', 'sudah', 'kenapa', 'hate', 'lelah', 'saya', 'baca']"
245,"['ganteng', 'anjing', 'eh', 'eh', 'kamu', 'pantes', 'anjing', 'anjing', 'setia', 'pantesnya', 'sih', 'babi', 'haha']"
246,"['kalau', 'lomba', 'sama', 'sama', 'babi', 'babi', 'nomor']"
247,"['sih', 'anjing', 'foto', 'sih', 'anjing']"
248,"['kakak', 'jessica', 'tunggu', 'setia', 'sama', 'ke', 'loh', 'pas', 'ada', 'kemarin', 'ke', 'ngehargain', 'lebih', 'pilih', 'sono']"
249,"['erick', 'manusia', 'babi', 'anak', 'lonte']"
250,"['harga', 'hati', 'wanita', 'sudah', 'tulus', 'tani', 'kamu']"
251,"['bagus', 'sih', 'erick', 'mutusin', 'jessica', 'karena', 'erick', 'laku', 'nya', 'coba', 'liat', 'jessica']"
252,"['anjing', 'hebat', 'pakai', 'kacamata']"
253,"['sudah', 'nasi', 'sudah', 'jadi', 'bubur', 'bentuk', 'seperti']"
254,"['kira', 'hadir', 'bangga']"
255,"['anjing', 'tato', 'benar', 'anjing']"
256,"['dasar', 'orang', 'tua', 'tidak ada', 'akhlakngajarin', 'anak', 'benar']"
257,"['erik', 'sih', 'jelasin', 'saya', 'update', 'maaf']"
258,"['eh', 'anjing', 'ci', 'jessica', 'saya', 'lempar', 'kamu']"
259,"['guys', 'dari', 'pada', 'comment', 'mending', 'unfollow', 'sama', 'unsubscribe', 'saja']"
260,"['babi', 'main', 'ma', 'anjing']"
261,"['kasih', 'bidadari', 'pilih', 'babi']"
262,"['postingan', 'juga', 'hujat', 'gila', 'netizen']"
263,"['kali', 'lihat', 'anjing', 'babi', 'baik']"
264,"['kasih', 'bidadari', 'pilih', 'setan']"
265,"['saya', 'benci', 'ama', 'kamu', 'bro', 'tetapi', 'saja', 'tingkah', 'kamu', 'lenceng']"
266,"['sikap', 'mu', 'najis', 'ludah', 'anjing']"
267,"['anjir', 'sudah', 'poto', 'post', 'komen']"
268,"['kesini', 'hanya', 'mau', 'liat', 'komen', 'saja']"
269,"['buset', 'hate', 'comment', 'sampai', 'postingan']"
270,"['foto', 'upload', 'maret', 'comment', 'jam', 'jam', 'jam']"
271,"['pantes', 'utang', 'bayar', 'lonte']"
272,"['tutup', 'botol', 'muka', 'kamu', 'seperti', 'kontol']"
273,"['astaga', 'pagi', 'bikin', 'bahak', 'ama', 'komenan', 'netizen', 'bicara', 'suka', 'benar']"
274,"['sudah', 'saya', 'lelah', 'baca', 'komen']"
275,"['lihat', 'sangat', 'anjing', 'takut', 'foto', 'dajjal']"
276,"['astaga', 'ngehujat', 'sampai', 'postingan']"
277,"['najis', 'kamu', 'anjing']"
278,"['ekor', 'anjing', 'buaya', 'makan', 'jambut']"
279,"['kalau', 'suruh', 'melihara', 'anjing', 'erick', 'saya', 'pilih', 'anjing', 'saja', 'najis', 'najis', 'erick', 'kontol']"
280,"['ngapain', 'sih', 'ngejudge', 'mikir', 'putus', 'jadi', 'tolol']"
281,"['harga', 'wanita', 'dekat', 'pria', 'pilih']"
282,"['sipat', 'anjing', 'anjing', 'saja', 'yad', 'manusia', 'sipat', 'anjing']"
283,"['potret', 'anjing', 'poto', 'setan']"
284,"['bantu', 'bedain', 'woy', 'anjing', 'babi']"
285,"['udaah', 'woi', 'sudah', 'kamu', 'kasihan', 'lelah', 'ngelike', 'komenan']"
286,"['anjing', 'anjing', 'wujud', 'manusia', 'anjing', 'asli', 'wujud']"
287,"['kasihan', 'saya', 'anjing', 'pegang', 'dajjal']"
288,"['kasihan', 'anjing', 'pegang', 'babi']"
289,"['kamu', 'kontol', 'anjing', 'anak', 'dajjal']"
290,"['muka', 'kamu', 'buruk', 'anjing', 'kamu']"
291,"['kasih', 'bening', 'pilih', 'daki']"
292,"['mending', 'masuk', 'penjara', 'saja', 'sudah', 'umur', 'hidup']"
293,"['lebih', 'lucu', 'anjing', 'ktimbang', 'orang']"
294,"['jesica', 'lepas', 'kambing', 'hitam']"
295,"['maafin', 'saja', 'bro', 'orang', 'salah', 'salah', 'nasehatin', 'saja', 'tahu', 'ubah']"
296,"['kasihan', 'anjing', 'peluk', 'sma', 'sampah']"
297,"['saya', 'penjara', 'ubah']"
298,"['cinta', 'batas', 'kertas', 'enteng', 'bang']"
299,"['jane', 'respect', 'sekarang', 'benar', 'sudah', 'hilang', 'respect']"
300,"['sudah', 'tani', 'sulit', 'kamu', 'pas', 'sudah', 'selingkuh', 'sangka', 'idola', 'saya', 'sampah']"
301,"['hujat', 'habis', 'postingan', 'komen']"
302,"['saya', 'tidak bisa', 'bedain', 'anjing', 'manusia', 'liat']"
303,"['kamu', 'anak', 'kick', 'andy', 'nama', 'marlo', 'bang']"
304,"['orang', 'karena', 'orang', 'jahat']"
305,"['tidak', 'niat', 'ada', 'aji', 'begitu', 'bang']"
306,"['suka', 'sekali', 'rambut', 'ganteng']"
307,"['saja', 'kaya', 'gin', 'bilang', 'king', 'king', 'muka', 'sudah', 'kaya', 'tai', 'musang']"
308,"['tinggal', 'berlian', 'tai', 'babi', 'dih']"
309,"['ganteng', 'kaga', 'kamu', 'lihat', 'kaya', 'daki', 'kontol']"
310,"['muka', 'kamu', 'mirip', 'tapir', 'kuda', 'asu', 'sok', 'ganteng', 'sekali', 'kamu']"
311,"['kecewa', 'kamu', 'rik']"
312,"['maaf', 'yemuke', 'kamu', 'sudah', 'jelek', 'kaga', 'sok', 'selingkuh', 'cakep', 'anjing', 'saya', 'noh']"
313,"['sih', 'hebat', 'banci', 'badan', 'penuh', 'koreng', 'kaya', 'kamu']"
314,"['gin', 'bersih', 'kaga', 'seperti', 'dekil']"
315,"['muka', 'kamu', 'keriput', 'seperti', 'aki', 'aki']"
316,"['foto', 'jelek', 'hujat', 'foto', 'ganteng', 'bilang', 'sok', 'ganteng']"
317,"['banyak', 'nyabu', 'kurus', 'kamu']"
318,"['narkoboy', 'ngeluarin', 'lidah', 'anjing', 'tes', 'urin']"
319,"['fotolu', 'pede', 'anjir', 'muka', 'kamu', 'itu', 'anjir']"
320,"['hidup', 'jangan', 'bos', 'playboy', 'anjing', 'kamu']"
321,"['muka', 'kamu', 'seperti', 'aktor', 'bokep', 'bangsat', 'mending', 'ngobat', 'saja', 'kamu']"
322,"['sudah', 'jelek', 'semangat', 'pulak']"
323,"['muka', 'begitu', 'seren', 'bikin', 'mual', 'liat']"
324,"['anjing', 'ngewe', 'ama', 'lonte', 'bangsat']"
325,"['muka', 'seperti', 'kontol', 'mending', 'penjara']"
326,"['muka', 'seperti', 'banci', 'dih', 'najis']"
327,"['nanti', 'mati', 'konyol']"
328,"['bilang', 'jelek', 'enak', 'he']"
329,"['idih', 'pantas', 'saja', 'foto', 'keluarin', 'lidah', 'seperti', 'begitu', 'nyata', 'tukang', 'jilat']"
330,"['orang', 'kalau', 'lomba', 'babi', 'babi', 'juara']"
331,"['titis', 'dajjal', 'memang', 'kamu', 'nyet']"
332,"['et', 'muka', 'kamu', 'saja', 'begitu', 'dih', 'ha', 'biarin', 'saja', 'sampah', 'ketemu', 'sampah', 'biar', 'busuk']"
333,"['jijik', 'astagah', 'sok', 'bat', 'cakap', 'njs']"
334,"['bully', 'an', 'ig', 'ngeri', 'facebook', 'anjing', 'saya', 'ngeri', 'anjing']"
335,"['sudah', 'buriq', 'brengsek', 'pantes', 'saja', 'dapat', 'lonte']"
336,"['muka', 'kampung', 'gaya', 'sok', 'soan', 'kota', 'nyet']"
337,"['ngapa', 'lidah', 'kamu', 'stroke', 'amin', 'deh', 'begitu']"
338,"['ciah', 'hujat', 'indonesia', 'sampai', 'bunuh', 'kontol', 'belum', 'puas', 'nguat', 'kamu']"
339,"['orang', 'kampung', 'otak', 'dusun', 'gaya', 'sosoan', 'hype', 'tetap', 'saja', 'tidak bisa', 'nutupin', 'muka', 'babu', 'kamu']"
340,"['cowok', 'foto', 'lihat', 'lidah', 'jam', 'ah', 'jijik', 'saya', 'minus', 'akhlak', 'seperti', 'gin']"
341,"['anjing', 'saya', 'juga', 'ogah', 'liat', 'muka', 'kamu']"
342,"['boleh', 'melet', 'dosa', 'rik']"
343,"['paan', 'melet', 'melet', 'jilat', 'tai', 'tabi']"
344,"['setan', 'memang', 'melet', 'terus', 'jijik', 'asu']"
345,"['ini', 'anak', 'lahir', 'karena', 'kondom', 'bocor', 'syukur', 'muka', 'seperti', 'selangkang', 'gorilla', 'dapat', 'cewek', 'cantik', 'seperti', 'jessica', 'setia', 'dulu', 'siain', 'bangsat']"
346,"['sih', 'melet', 'sok', 'ganteng']"
347,"['muka', 'seperti', 'slangkangan', 'biawak', 'saja', 'banyak', 'blagu', 'kamu']"
348,"['sumpah', 'sih', 'jahat', 'sekali', 'benar', 'kasihan', 'kakak', 'jessica']"
349,"['anjing', 'pantes', 'bidadari']"
350,"['melet', 'terus', 'setan', 'kaya', 'ular']"
351,"['anjir', 'melet', 'melet', 'saya', 'kirain', 'hewan']"
352,"['begitu', 'saja', 'deh', 'seperti', 'anjing', 'kamu', 'kang']"
353,"['saya', 'kesini', 'ken', 'liat', 'babang', 'sumpah', 'feeling', 'saya', 'benar', 'sekali', 'ama', 'reynhard', 'sinaga']"
354,"['kok', 'melet', 'sih', 'kaya', 'hewan', 'saja']"
355,"['iu', 'pilih', 'iblis', 'daripada', 'bidadari']"
356,"['melet', 'sudah', 'kaya', 'anjing', 'eh', 'emah', 'anjing']"
357,"['nyadar', 'saja', 'sampah', 'ha']"
358,"['lidah', 'kuman', 'and', 'virus']"
359,"['ngira', 'baju', 'endorse', 'kfc']"
360,"['saya', 'kamu', 'karya', 'baik', 'tinggal', 'negatif', 'lambat', 'tetap', 'orang', 'hebat', 'bahagia']"
361,"['cita', 'cita', 'pakboi', 'eh', 'narkoboy', 'nasib']"
362,"['kenapa', 'kamu', 'penjara', 'sih']"
363,"['mending', 'kamu', 'tobat', 'sudah']"
364,"['penjara', 'apalo', 'sikat', 'gi', 'bau', 'bau', 'aroma', 'bangsat']"
365,"['gi', 'kamu', 'apa', 'jigong', 'kondom', 'nyangkut']"
366,"['muka', 'seperti', 'anjing', 'rumah', 'saya']"
367,"['woi', 'anak', 'anjing', 'ngapain', 'kamu', 'hidup', 'bangsat']"
368,"['sudah', 'jelek', 'jelek', 'in', 'bro']"
369,"['ganteng', 'tidak', 'bakat', 'tidak', 'lebih', 'di mana', 'cobak']"
370,"['benci', 'saja', 'ama', 'orang', 'jelek', 'pakai', 'selingkuh']"
371,"['sudah', 'tutup', 'mulut', 'bau', 'kambing']"
372,"['jual', 'jual', 'kenapa', 'tidak', 'yutuber', 'bro', 'takut', 'tidak', 'nonton', 'yah']"
373,"['mirip', 'randy', 'pangalila', 'kalau', 'pakai', 'kacamata']"
374,"['kenapa', 'liat', 'muka', 'bagi', 'eric', 'kaya', 'enak', 'begitu']"
375,"['ganteng', 'sih', 'anjing', 'kucel', 'gin', 'jadi', 'model']"
376,"['seperti', 'ngeliat', 'hancur', 'deh']"
377,"['ingat', 'hidup', 'kamu', 'enak', 'rik', 'hidup', 'kamu', 'susah', 'salam', 'teman', 'smp', 'pas', 'kamu', 'burik', 'eh', 'sekarang', 'saja']"
378,"['kalau', 'liat', 'muka', 'sumpah', 'ngeselin', 'sekali', 'sudah', 'operasi', 'sono', 'biar', 'ganteng', 'sedikit', 'kalau', 'jalan', 'mal', 'kenal', 'orang']"
379,"['sih', 'artis', 'jelek', 'mah', 'iya', 'muka']"
380,"['era', 'kamu', 'mending', 'kamu', 'mati', 'saja', 'babi', 'kalau', 'baca', 'balas', 'nyet']"
381,"['segenap', 'hati', 'maaf']"
382,"['bahagia', 'utang']"
383,"['maju', 'kelas', 'rik', 'jaman', 'lagi', 'toxic', 'atur', 'build', 'sistem', 'you', 'wil', 'be', 'big']"
384,"['edit', 'konsep', 'nice', 'sekali']"
385,"['iri', 'babi', 'hahah', 'najis']"
386,"['kamu', 'kaya', 'anjing', 'kaya', 'babi']"
387,"['jelek', 'saja', 'tukang', 'selingkuh', 'kamu', 'buriq']"
388,"['komennya', 'seperti', 'gin']"
389,"['rick', 'kamu', 'tuh', 'manusia', 'seperti', 'guna', 'kamu', 'dilahirin', 'dunia', 'buat', 'sayang', 'kamu', 'ngecewain', 'orang', 'gimana', 'mau', 'masuk', 'surga']"
390,"['kaloga', 'cocok', 'paksain']"
391,"['biarin', 'gatau', 'gimana', 'asli', 'ambil', 'putus', 'sepihakkalo', 'sudah', 'takdir', 'tidak ada', 'nentang', 'anjir']"
392,"['cocok', 'memang', 'orang', 'mah', 'orang', 'kalau', 'bejat', 'mah', 'memang', 'cocok', 'bejat', 'ehehe']"
393,"['erick', 'goblok', 'pacar', 'ama', 'lonte', 'anjso', 'bat']"
394,"['cocok', 'sekali', 'orang', 'benar', 'biar', 'hancur']"
395,"['eh', 'seperti', 'tampak', 'lonte']"
396,"['tinggal', 'berlian', 'tai', 'sapi']"
397,"['era', 'kamu', 'lagi', 'sekarang', 'kamu', 'penuh', 'cacimaki', 'telen', 'ludah']"
398,"['pantes', 'mulai', 'sih', 'anjing', 'ulah']"
399,"['open', 'tidur', 'bang', 'sih', 'listy', 'om', 'cari', 'cewek', 'sudah', 'alam']"
400,"['buah', 'nangka', 'buah', 'kemanggi', 'akhlak', 'kamu', 'babi']"
401,"['perlahan', 'karirmu', 'hancur', 'bro', 'kamu', 'kebawan']"
402,"['biar', 'bangkrut', 'saja', 'ceo', 'gatau', 'terima kasih', 'ha']"
403,"['ngapain', 'nginap', 'rumah', 'cowok', 'tidak ada', 'keluarga', 'lagi', 'kamu']"
404,"['eh', 'pelakor', 'pas', 'sekali', 'frame', 'orang']"
405,"['anak', 'goblok', 'kasih', 'berlian', 'pilih', 'kerikil']"
406,"['kasih', 'bidadari', 'pilih', 'dajjal', 'awokawokv']"
407,"['hanya', 'ngehina', 'sadar', 'sempurna', 'kaya']"
408,"['kasihan', 'saya', 'orang', 'otak', 'dangkal', 'seperti', 'gin']"
409,"['murah', 'sekali', 'kamu', 'jijik', 'saya', 'dikick', 'evos', 'malah', 'open', 'tidur']"
410,"['neng', 'sesal', 'umur', 'hidup', 'miris', 'sekali', 'hidup', 'kamu', 'tolol', 'tinggal', 'berlian', 'indah', 'pandang', 'sayang', 'gumpal', 'tai', 'kucing']"
411,"['indah', 'pandang', 'lont', 'lont', 'jual']"
412,"['bidadari', 'tunjuk', 'memang', 'pantes', 'sma', 'dajjal', 'tahu']"
413,"['tolong', 'kasih', 'tahu', 'gais']"
414,"['kasih', 'hati', 'malaikat', 'pilih', 'hati', 'iblis', 'greget']"
415,"['kasih', 'bidadari', 'pilih', 'kotor']"
416,"['kasih', 'bidadari', 'lonte']"
417,"['tidak jadi', 'beli', 'model', 'murah', 'barang', 'murah']"
418,"['modelny', 'saja', 'murah', 'barang']"
419,"['muka', 'macem', 'amen', 'gegayaan', 'selingkuh', 'untung', 'sudah', 'sama', 'jane', 'lagi', 'banting', 'sama', 'jane', 'muka', 'kamu']"
420,"['males', 'beli', 'guagara', 'gara', 'lonte']"
421,"['bulug', 'gin', 'muka', 'eh', 'maaf']"
422,"['cantik', 'jessica', 'ke mana']"
423,"['kasih', 'bidadari', 'pilih', 'sampah']"
424,"['yaelah', 'muka', 'pas', 'saja', 'bangga', 'kamu', 'njing']"
425,"['pilih', 'iblis', 'bidadari', 'ha']"
426,"['kanahaya', 'kenapa', 'truck', 'sampah', 'seperti', 'muka', 'sampah']"
427,"['tidak jadi', 'beli', 'takut', 'tular', 'lonte']"
428,"['hujat', 'klean', 'kasihan', 'sih', 'listy', 'kontrak', 'copot', 'hujat', 'dunia', 'sangat', 'kejam']"
429,"['beli', 'baju', 'lonte', 'nanti', 'kena', 'sial']"
430,"['dasar', 'cewek', 'kamu', 'lonte', 'tahu', 'kamu']"
431,"['sudah', 'gapaham', 'tolong']"
432,"['tengah', 'manusia', 'monyet', 'kulit', 'corak', 'batik']"
433,"['muka', 'kamu', 'anjing', 'gwelebih', 'ganteng', 'anjing', 'gwe', 'rik']"
434,"['pens', 'lonte', 'jangan', 'takut', 'listi', 'miskin', 'karena', 'pecat', 'karena', 'bisa', 'kaya', 'lagi', 'nglonte']"
435,"['etdah', 'tinggal', 'lonte', 'situ', 'waras', 'mas']"
436,"['saya', 'cewek', 'murah', 'postingan']"
437,"['belah', 'kanan', 'batik', 'orang', 'sudah', 'warna', 'seperti', 'taek', 'babi', 'sih']"
438,"['kok', 'muka', 'jelek', 'sekali', 'sih', 'seram', 'seperti', 'setan']"
439,"['foto', 'tiga', 'jablay', 'murah']"
440,"['jelek', 'saja', 'tukang', 'selingkuh', 'kamu', 'buriq']"
441,"['memang', 'suci', 'nghina', 'segitu']"
442,"['mending', 'follow', 'unfollow', 'sudah', 'tidak usah', 'ribet']"
443,"['dekil', 'tato', 'mampus', 'karir', 'kamu', 'hancur', 'pantek']"
444,"['sudah', 'berlian', 'pilih', 'batu', 'nisan']"
445,"['alas', 'setan', 'ama', 'setan', 'karena', 'kalau', 'setan', 'bidadari', 'sayap', 'rontok', 'ceker', 'gigit', 'jambak']"
446,"['erick', 'akhlak', 'jelek', 'listy', 'jelek']"
447,"['setan', 'ma', 'setan', 'mah', 'memang', 'cocok', 'ude']"
448,"['lonte', 'kurus', 'pucet', 'seperti', 'mayat', 'hidup']"
449,"['muka', 'tutup', 'panci', 'jelek', 'sampai', 'ubun', 'ubun']"
450,"['semangat', 'terus', 'bro', 'tiada', 'manusia', 'sempurna', 'kamu', 'bangkit', 'gbu', 'keepstrong']"
451,"['bodoh', 'anak', 'orang', 'sudah', 'perawan', 'noh', 'gara', 'kamu']"
452,"['frustasi', 'habis', 'uang', 'kasihan']"
453,"['bro', 'kamu', 'ngehujat', 'erick', 'tetapi', 'masalah', 'sok', 'keras']"
454,"['semangat', 'rick', 'usaha', 'baru']"
455,"['aduh', 'muka', 'kaya', 'tong', 'sampah']"
456,"['sekali', 'omong', 'kasar', 'tobat', 'kawan', 'kawan', 'comment', 'kasar']"
457,"['ini', 'orang', 'jelek', 'obatkok', 'j', 'liat']"
458,"['semangat', 'bang', 'orang', 'ngejudge', 'kamu', 'peduliin']"
459,"['tuhan', 'yesus', 'semangat', 'rick']"
460,"['balas', 'komen', 'hate', 'bang', 'bikin', 'sakit', 'jempol', 'mending', 'karya']"
461,"['eh', 'kamu', 'nyadar', 'sudah', 'dekil', 'tato', 'kaya', 'daki', 'ha']"
462,"['jelek', 'dapat', 'selingkuh', 'jelek', 'keren', 'imbang', 'wkkw']"
463,"['ngehina', 'fisik', 'ini', 'orangga', 'benar']"
464,"['bunuh', 'sono', 'goblok']"
465,"['sabar', 'komentar', 'uji']"
466,"['santai', 'rick', 'ngehujat', 'kamu', 'belum', 'tahu', 'jalan', 'hidup', 'kamu', 'saja', 'sok', 'suci']"
467,"['sabar', 'yahtetep', 'semangat', 'ngejar', 'karirnya', 'dengerin', 'orang', 'ngebacot', 'komen', 'saja']"
468,"['erick', 'masuk', 'neraka', 'jalur', 'selingkuh', 'bos']"
469,"['terus', 'karya', 'brd', 'titik', 'seperti']"
470,"['stop', 'ngatain', 'orang', 'kamu', 'ngatain', 'orang', 'ngaca', 'dulu', 'ngatain', 'mirip', 'suci', 'saja', 'hidup', 'kamu']"
471,"['ngatain', 'seperti', 'idupnya', 'gapernag', 'bikin', 'salah']"
472,"['gila', 'kamu', 'karena', 'laku', 'youtube']"
473,"['kasihan', 'yah', 'sudah', 'stres']"
474,"['jatohnya', 'seperti', 'anjing', 'sih', 'rik']"
475,"['karir', 'turun', 'autis', 'kasihan', 'hahah']"
476,"['erick', 'seperti', 'gin', 'saya', 'kangenin', 'keep', 'itu', 'up', 'bruuh']"
477,"['sudah', 'autis', 'iya', 'bagi']"
478,"['kasihan', 'muda', 'sudah', 'stres']"
479,"['komen', 'support', 'tutup', 'hate', 'bangsat', 'memang', 'ig']"
480,"['maudy', 'cantik', 'na', 'natural', 'benar', 'cantik', 'sangat', 'cantik', 'dalam']"
481,"['bikin', 'konten', 'youtube', 'student', 'life', 'at', 'standford', 'at', 'oxford', 'fansmu', 'tunggu']"
482,"['aura', 'orang', 'pintar', 'memang', 'shining', 'bun', 'dindut']"
483,"['paket', 'lengkap', 'deh', 'sudah', 'cantik', 'pintar']"
484,"['suka', 'sangat', 'sama', 'artis', 'tidak', 'neko', 'natural', 'sangat']"
485,"['cantik', 'pintar', 'talenta', 'orangtua', 'ingin', 'anak', 'seperti', 'mbak', 'maudy']"
486,"['idih', 'mak', 'lampir', 'banding', 'uya', 'ma', 'kamu', 'kamu', 'butir', 'debu', 'kamu', 'kenal', 'bacot', 'rajin', 'ngaca', 'deh']"
487,"['anjir', 'muka', 'kamu', 'seperti', 'kuntilanak', 'sok', 'cantik']"
488,"['mbak', 'cadel', 'bangga', 'cadel', 'sih', 'kasihan', 'karena', 'cadel', 'jijik', 'bisu', 'saja']"
489,"['sudah', 'pintar', 'cantik', 'banyak', 'tingkah', 'perfect']"
490,"['hati', 'mody', 'jaga', 'serang', 'brutal', 'rasisme', 'wajah', 'kilas', 'onnie', 'korea', 'waspada']"
491,"['bikin', 'konten', 'youtube', 'daily', 'activity', 'stanford', 'kakak']"
492,"['motivasi', 'aku', 'kakak', 'maudy', 'cantip', 'sangat']"
493,"['moga', 'cerdas', 'mbak', 'maudy', 'manfaat', 'agama', 'nusa', 'bangsa', 'aamiin']"
494,"['damage', 'cewek', 'pintar', 'tidak ada', 'lawan']"
495,"['cantik', 'isi', 'kurus', 'sangat', 'kurus', 'aura']"
496,"['cantik', 'sih', 'sayang', 'kurus', 'padahl', 'sudah', 'nikah', 'kamu', 'bahagia', 'nikah']"
497,"['good', 'vibes', 'lapar']"
498,"['kakak', 'cantik', 'sangat', 'bismillah', 'cerdas', 'nular']"
499,"['bodoh', 'kamu', 'alam', 'semesta', 'isi', 'serentak', 'murka', 'dengar', 'lagu']"
500,"['cantik', 'sekali', 'masya', 'allah']"
501,"['kakak', 'nisa', 'ariana', 'grande']"
502,"['adik', 'kakak', 'maudy', 'cantik', 'pintar', 'aura', 'positif', 'ramah', 'lemah', 'lembut', 'rajin', 'sholeha']"
503,"['kilas', 'abu', 'ariana', 'grande', 'ha']"
504,"['ariana', 'grande']"
505,"['kakak', 'adik', 'cantik', 'suka', 'dua']"
506,"['rambut', 'kakak', 'mod', 'bagus', 'hitam', 'kilau']"
507,"['cantik', 'congrats', 'kakak', 'msuk', 'nominsi', 'tc', 'candler']"
508,"['maudy', 'enak', 'bet', 'sudah', 'cantik', 'iya', 'pintar', 'iya']"
509,"['kira', 'dedek', 'diri', 'mukul', 'bang', 'jer', 'pakai', 'ukulele', 'salah', 'salah']"
510,"['bang', 'jerome', 'kalau', 'nyanyiny', 'seperti', 'gin', 'bagus', 'suara', 'ganyangka']"
511,"['sutan', 'lucu', 'gemas']"
512,"['bang', 'vidio', 'bareng', 'sutan', 'kayak', 'senang', 'ama', 'bang', 'jerom']"
513,"['kalau', 'video', 'dua', 'saja', 'hari', 'anak', 'hahah', 'lucu', 'gimana', 'riwehnya']"
514,"['muka', 'kamu', 'cabul', 'sekali', 'sih', 'bagi', 'hahah']"
515,"['raut', 'muka', 'saja', 'sudah', 'orang', 'kalah', 'judi', 'makan', 'enak']"
516,"['kakak', 'jerome', 'mirip', 'boneka', 'tahu', 'hahah']"
517,"['mukbang', 'makan', 'sehat', 'kakak', 'salad', 'jepang', 'begitu']"
518,"['yakinin', 'niat', 'bagi', 'moga', 'sukses']"
519,"['bang', 'nonton', 'kerja', 'jepang', 'manfaat', 'sangat', 'konten', 'jadi', 'gampang', 'kalau', 'cari', 'jepang']"
520,"['hanya', 'rumus', 'diet', 'dipecahka', 'bang']"
521,"['perut', 'maju', 'tetapi', 'semangat', 'maju']"
522,"['pantas', 'kakak', 'jessica', 'bilang', 'bang', 'jerom', 'beruang']"
523,"['aduh', 'susah', 'kalau', 'urus', 'sma', 'jerome', 'rumus', 'matematika', 'bahas', 'daya', 'diri', 'suka', 'bahas', 'inggris', 'daripada', 'matematika']"
524,"['kaya', 'tulus', 'muka', 'kalau', 'liat']"
525,"['kakak', 'jerome', 'trik', 'biar', 'paham', 'cepat', 'rumus', 'matematika', 'dung']"
526,"['baca', 'caption', 'mikir', 'pakai', 'kalkulator', 'cuy', 'ha']"
527,"['sumpah', 'sih', 'kakak', 'kemeja', 'jeans', 'bikin', 'lihat', 'seger', 'sangat', 'mantap', 'mantap']"
528,"['ama', 'aktor', 'korea', 'main', 'film', 'reply', 'kakak', 'jung', 'hwan']"
529,"['iya', 'bang', 'jer', 'beda', 'kalau', 'pakai', 'style', 'mirip', 'gin', 'fresh', 'anak', 'gaul']"
530,"['kalau', 'style', 'gin', 'pas', 'begitu', 'bang', 'sma', 'umur', 'kamu', 'masih', 'muda', 'lihat', 'lebih', 'fresh', 'saja', 'sesuai', 'sma', 'umur']"
531,"['dewasa', 'imut', 'sih', 'syifa']"
532,"['manis', 'sekali', 'ken', 'sudah', 'senyum', 'manis', 'mirip', 'kakak', 'syifa']"
533,"['orang', 'manis', 'sangat', 'sih', 'ngerti']"
534,"['kakak', 'pintar', 'nyanyi', 'suara', 'bagus', 'kakak']"
535,"['salah', 'kalau', 'kakak', 'syifa', 'cantik', 'mamah', 'saja', 'cantik', 'sangat', 'jujur']"
536,"['lelaki', 'kamu', 'lelaki', 'untung']"
537,"['sangat', 'ayah', 'kalau', 'adik', 'sangat', 'mama']"
538,"['kakak', 'sudah', 'cantik', 'sih', 'cantik', 'kalau', 'pakai', 'hijab']"
539,"['gemesh', 'kaya', 'ken', 'cubit']"
540,"['cute', 'sih', 'ganteng', 'parah', 'masih', 'juga']"
541,"['ken', 'saya', 'pacul', 'mulut', 'kamu', 'woi', 'anjing', 'busuk']"
542,"['bilang', 'orang', 'artis', 'cewek', 'turut', 'cantik', 'syifa', 'ziu']"
543,"['kakak', 'syifa', 'itu', 'sudah', 'cantik', 'manis', 'sangat', 'manis', 'itu', 'nglebihin', 'gula']"
544,"['kilas', 'cantik', 'syifa']"
545,"['tuju', 'sih', 'sih', 'tetap', 'cantik', 'sangat', 'pakai', 'pakai', 'up', 'pakai', 'pakai', 'up', 'pucet', 'sangat', 'seperti', 'makan', 'tahun']"
546,"['dah', 'memang', 'cantik', 'kamu', 'cip']"
547,"['muka', 'cantik', 'pakai', 'up', 'hini', 'bahagia', 'sangat', 'kali', 'suami', 'liat', 'bidadari', 'hari']"
548,"['suka', 'sangat', 'sama', 'kakak', 'syifa', 'orang', 'humble', 'sama', 'orang', 'teman']"
549,"['artis', 'remaja', 'indonesia', 'manis', 'sangat', 'kalau', 'senyum', 'deh', 'asa', 'nempel', 'hati']"
550,"['doa', 'perempuan', 'nama', 'nagita', 'sehat', 'bahagia', 'lahir', 'batin', 'sayang', 'sama']"
551,"['rafathar', 'mantul', 'ini', 'pulang', 'tidak', 'jadi', 'inap', 'karena', 'tidak', 'teman', 'mama', 'rumah', 'papa', 'pulang', 'jadi', 'jagain', 'teman', 'ma', 'a']"
552,"['kultur', 'kerja', 'kaya', 'gin', 'saya', 'bagus', 'sih', 'kapitalis', 'sekali', 'petinggi', 'kerja', 'ngevlog', 'endors', 'moga', 'gaji', 'senjang', 'sih', 'ha']"
553,"['senang', 'kerja', 'rans', 'mbak', 'gi', 'tidak', 'ngebossy']"
554,"['senang', 'lihat', 'orang', 'sukses', 'meeting', 'allah', 'ken', 'sukses', 'mirip', 'begitu', 'biar', 'status', 'instastory']"
555,"['moga', 'kelg', 'crew', 'sehat', 'rejeki', 'terus', 'lancar', 'kakak', 'gi']"
556,"['fokus', 'nagita', 'pas', 'minum', 'sempet', 'baca', 'doa', 'keren', 'sangat', 'hasil', 'dik', 'orang', 'tua']"
557,"['kasihan', 'nagita', 'suami', 'kerja', 'berzinah']"
558,"['koreaable', 'sekali', 'face', 'rafathar', 'cakap', 'ganteng', 'manis', 'sekali']"
559,"['masyaallah', 'rafathar', 'ganteng', 'sangat', 'kuat', 'ngeliat', 'alisny']"
560,"['siwon', 'asa', 'saya', 'saja']"
561,"['lucu', 'asa', 'mirip', 'kakak', 'adik']"
562,"['wajah', 'nagita', 'kya', 'umur', 'an']"
563,"['foto', 'nomor', 'edit', 'edit', 'saay', 'kamera', 'bening', 'model', 'foto', 'bening', 'pakai', 'filter', 'tipu', 'tipu']"
564,"['looknya', 'rafathar', 'memang', 'dipungkiri', 'borong', 'gen', 'ma', 'gi', 'ha']"
565,"['nagita', 'kaya', 'anak', 'muda', 'coba', 'cantik', 'bangeet']"
566,"['masyaallah', 'mama', 'cantik', 'anak', 'ganteng', 'perfect']"
567,"['kaya', 'adik', 'kakak', 'kakak', 'gi', 'lihat', 'muda', 'sekali']"
568,"['gede', 'saja', 'rafathar', 'pintar', 'rafathar']"
569,"['ma', 'gi', 'rambut', 'pirang', 'cantik', 'muda']"
570,"['ootd', 'ma', 'gi', 'simple', 'elegan', 'masyaallah']"
571,"['masyaallah', 'mama', 'gi', 'bening', 'bet', 'sudah', 'sehat', 'mama', 'gi', 'dan', 'keluarga']"
572,"['ma', 'gi', 'ketemu', 'gajah', 'gajah', 'senang', 'tertawa', 'begitu', 'ahhaha']"
573,"['allah', 'tahu', 'kenapa', 'aku', 'suka', 'lihat', 'nagita', 'pakai', 'dres', 'model', 'cakap', 'cakap']"
574,"['beauty', 'in', 'everything', 'mbak', 'gi', 'sehat', 'de', 'bayi']"
575,"['ma', 'gi', 'cantik', 'sekali', 'look', 'younger', 'than', 'her', 'age', 'love', 'ma', 'gi']"
576,"['moga', 'adeknya', 'rafathar', 'anak', 'tangguh', 'kuat', 'cerdas']"
577,"['pakai', 'apa', 'pakai', 'ma', 'gi', 'kece']"
578,"['terima', 'kasih', 'kakak', 'nagita', 'support', 'molly', 'sih', 'gajah', 'satwa', 'bal', 'zo', 'kunjung', 'keluarga']"
579,"['kaya', 'nya', 'gajah', 'rasa', 'aura', 'positif', 'mb', 'gi', 'sumringah', 'juga', 'gajah', 'kamu']"
580,"['manis', 'sekali', 'mbak', 'gi', 'masya', 'allah', 'hamil', 'sinar']"
581,"['ma', 'gi', 'tidak pernah', 'cantik', 'sih', 'kalau']"
582,"['moga', 'sehat', 'bayi', 'kandung', 'ibu']"
583,"['cantik', 'sekali', 'moga', 'sehat', 'kakak', 'panutan']"
584,"['masyaallah', 'pesona', 'kaum', 'adam', 'kaum', 'hawa']"
585,"['orang', 'bangun', 'tidur', 'siang', 'cantik', 'kakak']"
586,"['tua', 'muda', 'yeh', 'muka', 'cantik', 'sangat', 'mau', 'nang', 'ampun', 'cantik', 'kakak']"
587,"['gapaham', 'cakeup', 'natural', 'masyaallah']"
588,"['raisa', 'mah', 'tipe', 'cantik', 'sopan', 'santun', 'pakai']"
589,"['kakak', 'why', 'are', 'you', 'always', 'stunning', 'pretty', 'girl']"
590,"['allah', 'ini', 'orang', 'peri', 'cantik']"
591,"['cantik', 'sekali', 'heran', 'samping', 'kanan', 'kiri', 'dulu', 'tetap', 'saja', 'cantik']"
592,"['henti', 'cakap', 'kakak', 'pusing']"
593,"['cantik', 'baju', 'keren', 'warna', 'bikin', 'pangling']"
594,"['liked', 'congratulations']"
595,"['udaaaah', 'nonton', 'lagu', 'baju', 'makeup', 'hairdo', 'sukaak']"
596,"['raisa', 'tidak', 'monoton', 'suka', 'deh', 'seperti', 'gin']"
597,"['sudah', 'kunyah', 'saja', 'cute', 'sekali']"
598,"['sihir', 'cantik', 'saya', 'rela', 'kutuk', 'tokek', 'laut']"
599,"['ampun', 'kakak', 'makan', 'sih', 'cantik', 'sekali']"
600,"['allah', 'seperti', 'anak', 'masih', 'batita', 'kalau', 'lagi', 'marah', 'manyunnya', 'gemes', 'ha']"
601,"['sudah', 'sumpah', 'bagus', 'sekali', 'serasa', 'liat', 'cerita', 'disney', 'begitu']"
602,"['kamu', 'sopan', 'muka', 'kamu', 'mirip', 'babi']"
603,"['allah', 'sempurna', 'sih', 'cipta', 'in']"
604,"['ragu', 'saja', 'cantik', 'sudah', 'seperti', 'gin', 'bagaimana', 'kalau', 'yak', 'cantik', 'seperti', 'heran']"
605,"['lihat', 'ragu', 'lihat', 'cantik']"
606,"['warna', 'bikin', 'raisa', 'shinning', 'merah', 'hitam', 'putih', 'pink', 'and', 'emerald']"
607,"['raisa', 'pakai', 'baju', 'merah', 'sumpah', 'cantik', 'sangat']"
608,"['lirik', 'pendek', 'tetapi', 'susah', 'hafal', 'pas', 'putar', 'kali', 'eh', 'candu', 'sekali']"
609,"['kakak', 'ngeraguin', 'dengar', 'lagu']"
610,"['kakak', 'kalau', 'ragu', 'tetap', 'cantik', 'yah']"
611,"['ragu', 'saja', 'cantik', 'kakak', 'serius']"
612,"['tidak', 'alay', 'tidak', 'muluk', 'muluk', 'natural', 'suka']"
613,"['seru', 'sangat', 'gemoy', 'tim', 'kebun', 'plus', 'tim', 'alam', 'sangat', 'ini']"
614,"['nikmat', 'hirup', 'oksigen', 'bebas']"
615,"['slide', 'muka', 'gaya', 'saja', 'tetap', 'cantik']"
616,"['mbak', 'isyana', 'foto', 'gelap', 'gin', 'saja', 'aesthetic', 'sangat']"
617,"['mbak', 'isyana', 'sudah', 'cantik', 'suara', 'bagus', 'kompeten', 'ah', 'suka']"
618,"['tau', 'suka', 'sekali', 'gaya', 'isyana']"
619,"['kangen', 'nonton', 'konser', 'isyana', 'langsung', 'masih', 'virtual', 'experiencenya', 'saja', 'begitu']"
620,"['congrats', 'kakak', 'karya', 'sukses', 'jadi', 'inpirasi']"
621,"['congrats', 'kakak', 'pantes', 'dapat']"
622,"['harap', 'kakak', 'umur', 'inspirasi', 'musisi', 'indonesia', 'suka', 'musik', 'indonesia', 'kakak', 'isyana']"
623,"['sudah', 'cantik', 'agak', 'gesrek', 'lebih', 'semangat', 'produktif']"
624,"['gatau', 'serasa', 'nonton', 'wtf', 'benar', 'jakarta', 'virtual', 'and', 'thank', 'you', 'for', 'the', 'performance', 'kakak', 'syan', 'keren', 'pecah', 'kecewa']"
625,"['lihat', 'kakak', 'isyana', 'live', 'benar', 'panggung', 'tetapi', 'pesona', 'sangat', 'ama', 'live', 'virtual', 'asli', 'keren']"
626,"['yash', 'we', 'the', 'fest', 'even', 'virtual', 'tetap', 'keren', 'sangat', 'kakak', 'syan', 'hua', 'energi', 'dapat', 'sangat']"
627,"['keren', 'sekali', 'sebentar', 'mantap', 'habis', 'tunggu', 'karya', 'kakak', 'stay', 'safe', 'and', 'healthy', 'isyana', 'aku']"
628,"['terima kasih', 'kakak', 'inyeeu', 'moga', 'pantang', 'serah', 'kakak', 'teman', 'musisi']"
629,"['thank', 'you', 'syan', 'senang', 'sekali', 'kemarin', 'ha', 'moga', 'pandemi', 'rencana', 'lancar', 'syan']"
630,"['hua', 'senang', 'sangat', 'kemarin', 'menit', 'tetapi', 'senang', 'liat', 'isyana', 'adaptasi', 'biasa', 'baru', 'moga', 'atur', 'makan', 'tunggu', 'karya', 'kakak']"
631,"['senang', 'indonesia', 'musisi', 'idealis', 'kualitas', 'karya', 'apresiasi', 'orang']"
632,"['harap', 'hadir', 'musisi', 'genre', 'dari', 'industri', 'biar', 'musik', 'indonesia', 'warna']"
633,"['congrats', 'kakak', 'isyana', 'moga', 'impi', 'baik', 'wujud', 'aamiin']"
634,"['benar', 'benar', 'idola', 'dari', 'musisi', 'pandang', 'belah', 'mata', 'sampai', 'label', 'musik', 'congrats', 'syan']"
635,"['congrats', 'kakak', 'isyana', 'moga', 'karya', 'kakak', 'sukses']"
636,"['orang', 'stres', 'gila']"
637,"['saya', 'kalai', 'tuhan', 'gaakan', 'saya', 'jadi', 'manusia', 'pante', 'hidup', 'orang', 'dunia', 'akhlak', 'tidak ada', 'tolol', 'bangsat']"
638,"['saya', 'nang', 'kalau', 'lagu', 'sih', 'kalau', 'nang', 'karena', 'saking', 'bagus', 'lagu']"
639,"['definisi', 'minat', 'ketemu', 'bakat', 'ketemu', 'kerja', 'keras']"
640,"['astaga', 'sih', 'isyana', 'keren', 'sekali', 'musisi', 'lokal', 'selera', 'musik', 'mirip', 'gin']"
641,"['mashaallah', 'sudah', 'cantik', 'pintar', 'jago', 'nyanyi', 'dan', 'mainin', 'alat', 'musik', 'neng', 'ngefans', 'benar', 'mah']"
642,"['gila', 'gila', 'gila', 'tangan', 'kaki', 'ekspresi', 'emosi', 'tuang', 'adi', 'karya', 'fantastis']"
643,"['gosh', 'kali', 'lihat', 'isyana', 'mainin', 'alat', 'musik', 'kaya', 'lihat', 'jiwa', 'beda', 'merinding', 'gila', 'kaya', 'pribadi', 'serius', 'sekali']"
644,"['sumpah', 'allah', 'bagus', 'sekali', 'kereen', 'merinding', 'aku', 'dengerin', 'sampai', 'habis', 'saja', 'sampai', 'netesin', 'air', 'mata']"
645,"['putus', 'fans', 'isyana', 'gila', 'keren', 'sekali', 'otak', 'dua', 'fungsi', 'dengan', 'jalan', 'perintah', 'tangan', 'kaki', 'sama']"
646,"['amzing', 'isyana', 'jujur', 'amazed', 'sekali', 'skil', 'minat', 'isyana', 'musik', 'nyanyi', 'main', 'alat', 'musik', 'jago', 'sekali']"
647,"['ngiri', 'liat', 'orang', 'keren', 'main', 'alat', 'musik', 'dalam', 'sekali', 'nikmatin', 'main']"
648,"['sampai', 'isyana', 'sempurna', 'orang']"
649,"['inimah', 'main', 'alat', 'musik', 'olahraga', 'jari', 'kaki', 'mah']"
